{"cameraMode":{"drawMode":0,"name":"Shaded","section":"Shading Mode"},"sceneLighting":false,"audioPlay":false,"sceneViewState":{"m_AlwaysRefresh":false,"showFog":true,"showSkybox":false,"showFlares":true,"showImageEffects":true,"showParticleSystems":true,"showVisualEffectGraphs":true,"m_FxEnabled":true},"in2DMode":false,"pivot":{"x":1.3103864192962647,"y":-0.1601717472076416,"z":-1.713296890258789},"rotation":{"x":0.1884281188249588,"y":0.20311251282691956,"z":-0.039865296334028247,"w":0.9600304365158081},"size":2.9012701511383058,"orthographic":false}